survey_year,region_code,age_group,digital_access_tier,persons_sampled,weighted_population,functional_literacy_rate,basic_literacy_rate,batch_id
2024,1,10-14,High,329,70254.15,58.83,88.92,manual__2026-10-05T05:54:36.567625+00:00
2024,1,10-14,Low,1460,358165.84,54.87,88.07,manual__2026-10-05T05:54:36.567625+00:00
2024,1,10-14,Moderate,341,77242.2,62.86,92.07,manual__2026-10-05T05:54:36.567625+00:00
2024,1,10-14,No access,61,17405.8,50.34,82.45,manual__2026-10-05T05:54:36.567625+00:00
2024,1,15-24,High,740,159681.8,79.57,97.68,manual__2026-10-05T05:54:36.567625+00:00
2024,1,15-24,Low,2508,548121.09,70.84,96.05,manual__2026-10-05T05:54:36.567625+00:00
2024,1,15-24,Moderate,865,191401.34,72.73,96.4,manual__2026-10-05T05:54:36.567625+00:00
2024,1,15-24,No access,67,16695.78,65.43,93.76,manual__2026-10-05T05:54:36.567625+00:00
2024,1,25-34,High,533,154633.25,83.93,99.0,manual__2026-10-05T05:54:36.567625+00:00
2024,1,25-34,Low,1694,496866.75,65.28,94.1,manual__2026-10-05T05:54:36.567625+00:00
2024,1,25-34,Moderate,580,168135.14,73.94,98.56,manual__2026-10-05T05:54:36.567625+00:00
2024,1,25-34,No access,58,18014.86,59.9,91.0,manual__2026-10-05T05:54:36.567625+00:00
2024,1,35-44,High,481,109414.48,75.13,97.44,manual__2026-10-05T05:54:36.567625+00:00
2024,1,35-44,Low,1850,450694.86,60.53,94.22,manual__2026-10-05T05:54:36.567625+00:00
2024,1,35-44,Moderate,491,120382.94,62.5,93.9,manual__2026-10-05T05:54:36.567625+00:00
2024,1,35-44,No access,101,25566.71,50.78,83.4,manual__2026-10-05T05:54:36.567625+00:00
2024,1,45-54,High,433,92436.92,68.66,96.22,manual__2026-10-05T05:54:36.567625+00:00
2024,1,45-54,Low,1576,338194.6,57.4,92.48,manual__2026-10-05T05:54:36.567625+00:00
2024,1,45-54,Moderate,520,114356.42,63.4,94.87,manual__2026-10-05T05:54:36.567625+00:00
2024,1,45-54,No access,110,26595.06,35.17,77.89,manual__2026-10-05T05:54:36.567625+00:00
2024,1,55-64,High,376,70577.54,67.25,89.73,manual__2026-10-05T05:54:36.567625+00:00
2024,1,55-64,Low,1325,250508.61,49.22,85.63,manual__2026-10-05T05:54:36.567625+00:00
2024,1,55-64,Moderate,442,84710.41,57.77,88.74,manual__2026-10-05T05:54:36.567625+00:00
2024,1,55-64,No access,161,33704.44,42.63,77.14,manual__2026-10-05T05:54:36.567625+00:00
2024,2,10-14,High,270,46824.2,75.99,94.62,manual__2026-10-05T05:54:36.567625+00:00
2024,2,10-14,Low,1673,240641.08,61.71,89.28,manual__2026-10-05T05:54:36.567625+00:00
2024,2,10-14,Moderate,373,58363.29,69.04,93.95,manual__2026-10-05T05:54:36.567625+00:00
2024,2,10-14,No access,134,19708.44,48.45,83.67,manual__2026-10-05T05:54:36.567625+00:00
2024,2,15-24,High,586,103482.52,84.78,98.07,manual__2026-10-05T05:54:36.567625+00:00
2024,2,15-24,Low,2371,370743.11,76.73,95.8,manual__2026-10-05T05:54:36.567625+00:00
2024,2,15-24,Moderate,775,132962.89,81.56,97.97,manual__2026-10-05T05:54:36.567625+00:00
2024,2,15-24,No access,158,21029.48,58.74,87.48,manual__2026-10-05T05:54:36.567625+00:00
2024,2,25-34,High,421,96254.65,84.83,98.33,manual__2026-10-05T05:54:36.567625+00:00
2024,2,25-34,Low,1948,374472.79,72.55,94.69,manual__2026-10-05T05:54:36.567625+00:00
2024,2,25-34,Moderate,503,105301.48,80.77,97.36,manual__2026-10-05T05:54:36.567625+00:00
2024,2,25-34,No access,156,29202.09,62.86,85.67,manual__2026-10-05T05:54:36.567625+00:00
2024,2,35-44,High,380,72667.96,86.49,98.82,manual__2026-10-05T05:54:36.567625+00:00
2024,2,35-44,Low,1891,319362.71,65.47,92.69,manual__2026-10-05T05:54:36.567625+00:00
2024,2,35-44,Moderate,459,77793.74,79.43,97.91,manual__2026-10-05T05:54:36.567625+00:00
2024,2,35-44,No access,174,27331.58,40.83,84.84,manual__2026-10-05T05:54:36.567625+00:00
2024,2,45-54,High,434,73042.84,81.78,97.06,manual__2026-10-05T05:54:36.567625+00:00
2024,2,45-54,Low,1626,219395.32,58.6,89.25,manual__2026-10-05T05:54:36.567625+00:00
2024,2,45-54,Moderate,555,85826.55,69.18,93.02,manual__2026-10-05T05:54:36.567625+00:00
2024,2,45-54,No access,189,25211.3,36.11,70.67,manual__2026-10-05T05:54:36.567625+00:00
2024,2,55-64,High,312,43658.4,63.62,89.49,manual__2026-10-05T05:54:36.567625+00:00
2024,2,55-64,Low,1411,174582.04,50.17,82.89,manual__2026-10-05T05:54:36.567625+00:00
2024,2,55-64,Moderate,425,58137.27,61.16,87.47,manual__2026-10-05T05:54:36.567625+00:00
2024,2,55-64,No access,277,34685.28,39.0,64.23,manual__2026-10-05T05:54:36.567625+00:00
2024,3,10-14,High,712,172138.77,71.3,95.0,manual__2026-10-05T05:54:36.567625+00:00
2024,3,10-14,Low,3111,730466.29,63.45,92.37,manual__2026-10-05T05:54:36.567625+00:00
2024,3,10-14,Moderate,936,220511.54,71.34,95.27,manual__2026-10-05T05:54:36.567625+00:00
2024,3,10-14,No access,174,39207.42,47.23,80.99,manual__2026-10-05T05:54:36.567625+00:00
2024,3,15-24,High,1581,404866.18,85.12,97.87,manual__2026-10-05T05:54:36.567625+00:00
2024,3,15-24,Low,5263,1350530.96,77.04,97.42,manual__2026-10-05T05:54:36.567625+00:00
2024,3,15-24,Moderate,1980,501631.56,84.51,98.0,manual__2026-10-05T05:54:36.567625+00:00
2024,3,15-24,No access,233,52229.29,72.31,91.33,manual__2026-10-05T05:54:36.567625+00:00
2024,3,25-34,High,1397,412445.89,87.44,99.12,manual__2026-10-05T05:54:36.567625+00:00
2024,3,25-34,Low,4254,1254041.22,72.73,96.8,manual__2026-10-05T05:54:36.567625+00:00
2024,3,25-34,Moderate,1440,421005.53,81.75,97.91,manual__2026-10-05T05:54:36.567625+00:00
2024,3,25-34,No access,220,61279.35,54.25,93.41,manual__2026-10-05T05:54:36.567625+00:00
2024,3,35-44,High,1074,291014.61,82.78,97.65,manual__2026-10-05T05:54:36.567625+00:00
2024,3,35-44,Low,4044,1085609.8,70.17,95.5,manual__2026-10-05T05:54:36.567625+00:00
2024,3,35-44,Moderate,1306,352316.12,76.35,97.15,manual__2026-10-05T05:54:36.567625+00:00
2024,3,35-44,No access,219,50616.48,65.06,87.58,manual__2026-10-05T05:54:36.567625+00:00
2024,3,45-54,High,975,251446.16,77.43,96.79,manual__2026-10-05T05:54:36.567625+00:00
2024,3,45-54,Low,3341,849091.22,63.49,92.94,manual__2026-10-05T05:54:36.567625+00:00
2024,3,45-54,Moderate,1221,303028.43,78.86,96.35,manual__2026-10-05T05:54:36.567625+00:00
2024,3,45-54,No access,252,52515.19,54.5,89.32,manual__2026-10-05T05:54:36.567625+00:00
2024,3,55-64,High,813,181393.54,74.02,95.0,manual__2026-10-05T05:54:36.567625+00:00
2024,3,55-64,Low,2688,611523.22,61.53,91.13,manual__2026-10-05T05:54:36.567625+00:00
2024,3,55-64,Moderate,931,219854.4,66.31,94.27,manual__2026-10-05T05:54:36.567625+00:00
2024,3,55-64,No access,345,70700.83,49.61,84.0,manual__2026-10-05T05:54:36.567625+00:00
2024,4,10-14,High,487,289760.74,80.19,95.06,manual__2026-10-05T05:54:36.567625+00:00
2024,4,10-14,Low,1738,918244.09,67.54,90.91,manual__2026-10-05T05:54:36.567625+00:00
2024,4,10-14,Moderate,557,310989.58,74.68,92.03,manual__2026-10-05T05:54:36.567625+00:00
2024,4,10-14,No access,129,60181.6,57.0,88.2,manual__2026-10-05T05:54:36.567625+00:00
2024,4,15-24,High,1226,713298.34,86.98,97.9,manual__2026-10-05T05:54:36.567625+00:00
2024,4,15-24,Low,2932,1599068.5,78.88,96.56,manual__2026-10-05T05:54:36.567625+00:00
2024,4,15-24,Moderate,1191,643339.67,84.47,97.19,manual__2026-10-05T05:54:36.567625+00:00
2024,4,15-24,No access,190,95920.48,70.89,97.57,manual__2026-10-05T05:54:36.567625+00:00
2024,4,25-34,High,992,647918.03,88.87,98.4,manual__2026-10-05T05:54:36.567625+00:00
2024,4,25-34,Low,2387,1484177.52,78.1,97.13,manual__2026-10-05T05:54:36.567625+00:00
2024,4,25-34,Moderate,957,601173.45,82.99,97.56,manual__2026-10-05T05:54:36.567625+00:00
2024,4,25-34,No access,157,90458.96,66.38,93.56,manual__2026-10-05T05:54:36.567625+00:00
2024,4,35-44,High,923,564377.33,86.94,97.68,manual__2026-10-05T05:54:36.567625+00:00
2024,4,35-44,Low,2337,1279432.16,75.24,96.57,manual__2026-10-05T05:54:36.567625+00:00
2024,4,35-44,Moderate,814,457830.32,80.74,96.31,manual__2026-10-05T05:54:36.567625+00:00
2024,4,35-44,No access,151,71928.22,70.29,95.97,manual__2026-10-05T05:54:36.567625+00:00
2024,4,45-54,High,848,458551.41,84.03,96.88,manual__2026-10-05T05:54:36.567625+00:00
2024,4,45-54,Low,1852,975202.75,71.87,93.48,manual__2026-10-05T05:54:36.567625+00:00
2024,4,45-54,Moderate,770,413476.56,74.88,94.89,manual__2026-10-05T05:54:36.567625+00:00
2024,4,45-54,No access,168,74122.28,51.84,88.61,manual__2026-10-05T05:54:36.567625+00:00
2024,4,55-64,High,581,300352.45,77.04,94.79,manual__2026-10-05T05:54:36.567625+00:00
2024,4,55-64,Low,1490,682533.08,63.58,90.69,manual__2026-10-05T05:54:36.567625+00:00
2024,4,55-64,Moderate,589,292990.77,71.29,93.01,manual__2026-10-05T05:54:36.567625+00:00
2024,4,55-64,No access,193,78981.7,50.11,84.48,manual__2026-10-05T05:54:36.567625+00:00
2024,5,10-14,High,277,50240.02,76.01,96.16,manual__2026-10-05T05:54:36.567625+00:00
2024,5,10-14,Low,3290,479463.92,59.02,87.75,manual__2026-10-05T05:54:36.567625+00:00
2024,5,10-14,Moderate,512,74324.82,73.08,94.29,manual__2026-10-05T05:54:36.567625+00:00
2024,5,10-14,No access,329,44284.25,45.03,77.13,manual__2026-10-05T05:54:36.567625+00:00
2024,5,15-24,High,638,131178.21,81.59,98.4,manual__2026-10-05T05:54:36.567625+00:00
2024,5,15-24,Low,4605,835765.68,72.6,95.35,manual__2026-10-05T05:54:36.567625+00:00
2024,5,15-24,Moderate,1045,187913.42,81.64,98.69,manual__2026-10-05T05:54:36.567625+00:00
2024,5,15-24,No access,281,51772.69,55.77,88.13,manual__2026-10-05T05:54:36.567625+00:00
2024,5,25-34,High,393,105706.94,89.07,98.81,manual__2026-10-05T05:54:36.567625+00:00
2024,5,25-34,Low,2981,737174.82,68.83,94.82,manual__2026-10-05T05:54:36.567625+00:00
2024,5,25-34,Moderate,605,147348.89,83.69,97.14,manual__2026-10-05T05:54:36.567625+00:00
2024,5,25-34,No access,258,62391.35,58.33,86.09,manual__2026-10-05T05:54:36.567625+00:00
2024,5,35-44,High,351,70671.49,85.35,99.36,manual__2026-10-05T05:54:36.567625+00:00
2024,5,35-44,Low,2851,471990.35,64.56,92.81,manual__2026-10-05T05:54:36.567625+00:00
2024,5,35-44,Moderate,534,86155.31,77.24,96.16,manual__2026-10-05T05:54:36.567625+00:00
2024,5,35-44,No access,275,41460.85,46.69,80.22,manual__2026-10-05T05:54:36.567625+00:00
2024,5,45-54,High,362,63379.98,76.31,96.73,manual__2026-10-05T05:54:36.567625+00:00
2024,5,45-54,Low,2320,343186.09,56.36,88.12,manual__2026-10-05T05:54:36.567625+00:00
2024,5,45-54,Moderate,566,83347.95,70.24,94.44,manual__2026-10-05T05:54:36.567625+00:00
2024,5,45-54,No access,312,43182.99,36.12,71.47,manual__2026-10-05T05:54:36.567625+00:00
2024,5,55-64,High,281,43175.77,67.15,93.9,manual__2026-10-05T05:54:36.567625+00:00
2024,5,55-64,Low,1882,265968.29,48.42,81.68,manual__2026-10-05T05:54:36.567625+00:00
2024,5,55-64,Moderate,421,60655.24,64.79,89.39,manual__2026-10-05T05:54:36.567625+00:00
2024,5,55-64,No access,369,49420.7,38.56,69.84,manual__2026-10-05T05:54:36.567625+00:00
2024,6,10-14,High,386,56047.81,71.45,90.39,manual__2026-10-05T05:54:36.567625+00:00
2024,6,10-14,Low,2970,529524.24,59.94,88.37,manual__2026-10-05T05:54:36.567625+00:00
2024,6,10-14,Moderate,494,82801.35,68.57,93.81,manual__2026-10-05T05:54:36.567625+00:00
2024,6,10-14,No access,321,76964.59,55.38,80.54,manual__2026-10-05T05:54:36.567625+00:00
2024,6,15-24,High,985,158745.08,84.88,98.1,manual__2026-10-05T05:54:36.567625+00:00
2024,6,15-24,Low,4950,958108.95,74.84,95.9,manual__2026-10-05T05:54:36.567625+00:00
2024,6,15-24,Moderate,1215,208207.17,81.78,97.39,manual__2026-10-05T05:54:36.567625+00:00
2024,6,15-24,No access,400,106529.77,68.22,86.35,manual__2026-10-05T05:54:36.567625+00:00
2024,6,25-34,High,755,154672.41,83.97,97.16,manual__2026-10-05T05:54:36.567625+00:00
2024,6,25-34,Low,3373,869398.39,69.77,93.91,manual__2026-10-05T05:54:36.567625+00:00
2024,6,25-34,Moderate,854,197119.91,80.49,97.48,manual__2026-10-05T05:54:36.567625+00:00
2024,6,25-34,No access,378,135848.28,47.64,82.32,manual__2026-10-05T05:54:36.567625+00:00
2024,6,35-44,High,669,106856.82,81.89,96.97,manual__2026-10-05T05:54:36.567625+00:00
2024,6,35-44,Low,3385,695905.82,65.59,92.02,manual__2026-10-05T05:54:36.567625+00:00
2024,6,35-44,Moderate,713,128497.16,78.76,96.39,manual__2026-10-05T05:54:36.567625+00:00
2024,6,35-44,No access,407,109576.2,54.26,80.14,manual__2026-10-05T05:54:36.567625+00:00
2024,6,45-54,High,643,94780.32,80.1,98.25,manual__2026-10-05T05:54:36.567625+00:00
2024,6,45-54,Low,2829,490937.29,60.87,89.1,manual__2026-10-05T05:54:36.567625+00:00
2024,6,45-54,Moderate,713,115056.02,68.22,94.75,manual__2026-10-05T05:54:36.567625+00:00
2024,6,45-54,No access,417,96849.37,46.64,79.11,manual__2026-10-05T05:54:36.567625+00:00
2024,6,55-64,High,584,72125.15,71.92,92.92,manual__2026-10-05T05:54:36.567625+00:00
2024,6,55-64,Low,2374,369504.54,51.28,83.12,manual__2026-10-05T05:54:36.567625+00:00
2024,6,55-64,Moderate,667,96541.42,69.69,92.72,manual__2026-10-05T05:54:36.567625+00:00
2024,6,55-64,No access,517,100778.88,40.76,64.51,manual__2026-10-05T05:54:36.567625+00:00
2024,7,10-14,High,331,63617.79,71.95,98.67,manual__2026-10-05T05:54:36.567625+00:00
2024,7,10-14,Low,2524,557191.28,61.65,93.21,manual__2026-10-05T05:54:36.567625+00:00
2024,7,10-14,Moderate,367,82675.99,60.04,94.2,manual__2026-10-05T05:54:36.567625+00:00
2024,7,10-14,No access,380,89686.95,63.27,94.44,manual__2026-10-05T05:54:36.567625+00:00
2024,7,15-24,High,878,188612.89,81.71,98.48,manual__2026-10-05T05:54:36.567625+00:00
2024,7,15-24,Low,4574,961309.61,74.92,98.05,manual__2026-10-05T05:54:36.567625+00:00
2024,7,15-24,Moderate,991,205420.35,76.43,97.94,manual__2026-10-05T05:54:36.567625+00:00
2024,7,15-24,No access,556,119749.14,65.81,92.22,manual__2026-10-05T05:54:36.567625+00:00
2024,7,25-34,High,756,178904.71,84.06,98.86,manual__2026-10-05T05:54:36.567625+00:00
2024,7,25-34,Low,3323,852595.44,72.96,97.17,manual__2026-10-05T05:54:36.567625+00:00
2024,7,25-34,Moderate,736,199509.21,78.93,99.05,manual__2026-10-05T05:54:36.567625+00:00
2024,7,25-34,No access,460,135670.62,64.01,92.7,manual__2026-10-05T05:54:36.567625+00:00
2024,7,35-44,High,620,126693.05,80.5,98.93,manual__2026-10-05T05:54:36.567625+00:00
2024,7,35-44,Low,3196,689712.0,64.98,95.37,manual__2026-10-05T05:54:36.567625+00:00
2024,7,35-44,Moderate,597,140581.75,70.15,97.9,manual__2026-10-05T05:54:36.567625+00:00
2024,7,35-44,No access,461,114878.23,55.36,85.94,manual__2026-10-05T05:54:36.567625+00:00
2024,7,45-54,High,567,105991.99,74.3,98.9,manual__2026-10-05T05:54:36.567625+00:00
2024,7,45-54,Low,2693,507908.35,62.65,94.59,manual__2026-10-05T05:54:36.567625+00:00
2024,7,45-54,Moderate,609,121043.43,60.97,95.55,manual__2026-10-05T05:54:36.567625+00:00
2024,7,45-54,No access,455,97021.23,52.79,86.58,manual__2026-10-05T05:54:36.567625+00:00
2024,7,55-64,High,469,82591.98,66.55,96.08,manual__2026-10-05T05:54:36.567625+00:00
2024,7,55-64,Low,1875,340868.44,56.93,89.39,manual__2026-10-05T05:54:36.567625+00:00
2024,7,55-64,Moderate,458,93604.54,65.1,96.53,manual__2026-10-05T05:54:36.567625+00:00
2024,7,55-64,No access,514,110903.04,39.27,71.01,manual__2026-10-05T05:54:36.567625+00:00
2024,8,10-14,High,333,28468.04,68.13,92.32,manual__2026-10-05T05:54:36.567625+00:00
2024,8,10-14,Low,3335,366408.11,55.67,86.96,manual__2026-10-05T05:54:36.567625+00:00
2024,8,10-14,Moderate,596,59372.33,61.1,90.54,manual__2026-10-05T05:54:36.567625+00:00
2024,8,10-14,No access,369,40460.53,42.35,74.35,manual__2026-10-05T05:54:36.567625+00:00
2024,8,15-24,High,850,97580.08,84.33,98.1,manual__2026-10-05T05:54:36.567625+00:00
2024,8,15-24,Low,5107,655859.02,70.03,94.34,manual__2026-10-05T05:54:36.567625+00:00
2024,8,15-24,Moderate,1119,123318.94,77.34,96.42,manual__2026-10-05T05:54:36.567625+00:00
2024,8,15-24,No access,330,49008.96,70.08,91.72,manual__2026-10-05T05:54:36.567625+00:00
2024,8,25-34,High,650,95228.53,83.64,97.66,manual__2026-10-05T05:54:36.567625+00:00
2024,8,25-34,Low,3303,574100.94,63.92,92.8,manual__2026-10-05T05:54:36.567625+00:00
2024,8,25-34,Moderate,807,109975.31,76.11,96.74,manual__2026-10-05T05:54:36.567625+00:00
2024,8,25-34,No access,343,65273.22,45.09,79.23,manual__2026-10-05T05:54:36.567625+00:00
2024,8,35-44,High,492,43053.09,84.01,98.7,manual__2026-10-05T05:54:36.567625+00:00
2024,8,35-44,Low,3158,379773.47,61.08,91.44,manual__2026-10-05T05:54:36.567625+00:00
2024,8,35-44,Moderate,641,66874.12,73.47,97.5,manual__2026-10-05T05:54:36.567625+00:00
2024,8,35-44,No access,369,47031.31,45.13,71.63,manual__2026-10-05T05:54:36.567625+00:00
2024,8,45-54,High,536,45916.38,72.52,95.82,manual__2026-10-05T05:54:36.567625+00:00
2024,8,45-54,Low,2739,280647.8,49.24,84.62,manual__2026-10-05T05:54:36.567625+00:00
2024,8,45-54,Moderate,655,56391.62,59.69,93.72,manual__2026-10-05T05:54:36.567625+00:00
2024,8,45-54,No access,396,46385.2,41.19,65.84,manual__2026-10-05T05:54:36.567625+00:00
2024,8,55-64,High,435,36323.62,59.71,90.53,manual__2026-10-05T05:54:36.567625+00:00
2024,8,55-64,Low,2245,208373.33,38.48,75.44,manual__2026-10-05T05:54:36.567625+00:00
2024,8,55-64,Moderate,568,41126.52,51.73,86.08,manual__2026-10-05T05:54:36.567625+00:00
2024,8,55-64,No access,561,57429.52,28.18,57.2,manual__2026-10-05T05:54:36.567625+00:00
2024,9,10-14,High,128,15525.64,62.23,96.78,manual__2026-10-05T05:54:36.567625+00:00
2024,9,10-14,Low,2097,260987.38,54.21,85.25,manual__2026-10-05T05:54:36.567625+00:00
2024,9,10-14,Moderate,210,26847.47,58.03,87.03,manual__2026-10-05T05:54:36.567625+00:00
2024,9,10-14,No access,595,74635.51,45.92,83.26,manual__2026-10-05T05:54:36.567625+00:00
2024,9,15-24,High,243,38791.13,76.97,95.97,manual__2026-10-05T05:54:36.567625+00:00
2024,9,15-24,Low,3221,511991.22,68.73,94.1,manual__2026-10-05T05:54:36.567625+00:00
2024,9,15-24,Moderate,405,65931.94,75.63,96.83,manual__2026-10-05T05:54:36.567625+00:00
2024,9,15-24,No access,723,113060.71,57.01,89.11,manual__2026-10-05T05:54:36.567625+00:00
2024,9,25-34,High,229,41228.26,82.6,97.6,manual__2026-10-05T05:54:36.567625+00:00
2024,9,25-34,Low,2312,436836.1,64.31,93.29,manual__2026-10-05T05:54:36.567625+00:00
2024,9,25-34,Moderate,302,59061.43,77.29,97.34,manual__2026-10-05T05:54:36.567625+00:00
2024,9,25-34,No access,668,121335.2,47.27,84.39,manual__2026-10-05T05:54:36.567625+00:00
2024,9,35-44,High,170,25173.26,81.46,98.86,manual__2026-10-05T05:54:36.567625+00:00
2024,9,35-44,Low,2107,316486.13,58.37,90.38,manual__2026-10-05T05:54:36.567625+00:00
2024,9,35-44,Moderate,245,37084.25,78.04,98.58,manual__2026-10-05T05:54:36.567625+00:00
2024,9,35-44,No access,546,84144.36,44.65,81.9,manual__2026-10-05T05:54:36.567625+00:00
2024,9,45-54,High,186,23514.94,78.15,95.83,manual__2026-10-05T05:54:36.567625+00:00
2024,9,45-54,Low,1844,238867.55,50.79,86.33,manual__2026-10-05T05:54:36.567625+00:00
2024,9,45-54,Moderate,245,31310.08,66.88,92.95,manual__2026-10-05T05:54:36.567625+00:00
2024,9,45-54,No access,531,67188.43,38.78,72.32,manual__2026-10-05T05:54:36.567625+00:00
2024,9,55-64,High,134,16035.86,70.82,93.11,manual__2026-10-05T05:54:36.567625+00:00
2024,9,55-64,Low,1362,167819.9,45.26,83.22,manual__2026-10-05T05:54:36.567625+00:00
2024,9,55-64,Moderate,188,22950.18,65.69,92.11,manual__2026-10-05T05:54:36.567625+00:00
2024,9,55-64,No access,539,67429.06,35.21,69.72,manual__2026-10-05T05:54:36.567625+00:00
2024,10,10-14,High,265,32176.92,74.68,94.9,manual__2026-10-05T05:54:36.567625+00:00
2024,10,10-14,Low,2785,336322.72,61.79,89.85,manual__2026-10-05T05:54:36.567625+00:00
2024,10,10-14,Moderate,467,52758.21,70.81,93.29,manual__2026-10-05T05:54:36.567625+00:00
2024,10,10-14,No access,531,69669.15,42.95,83.0,manual__2026-10-05T05:54:36.567625+00:00
2024,10,15-24,High,654,87517.78,88.84,98.98,manual__2026-10-05T05:54:36.567625+00:00
2024,10,15-24,Low,4429,630568.27,76.6,97.41,manual__2026-10-05T05:54:36.567625+00:00
2024,10,15-24,Moderate,1088,145448.99,88.53,98.11,manual__2026-10-05T05:54:36.567625+00:00
2024,10,15-24,No access,674,107458.96,54.3,91.14,manual__2026-10-05T05:54:36.567625+00:00
2024,10,25-34,High,535,74889.25,92.08,98.38,manual__2026-10-05T05:54:36.567625+00:00
2024,10,25-34,Low,3548,583719.98,72.19,96.57,manual__2026-10-05T05:54:36.567625+00:00
2024,10,25-34,Moderate,757,115634.62,87.11,98.57,manual__2026-10-05T05:54:36.567625+00:00
2024,10,25-34,No access,568,110205.16,53.76,90.84,manual__2026-10-05T05:54:36.567625+00:00
2024,10,35-44,High,464,57997.24,91.07,98.87,manual__2026-10-05T05:54:36.567625+00:00
2024,10,35-44,Low,3039,436008.02,71.09,94.4,manual__2026-10-05T05:54:36.567625+00:00
2024,10,35-44,Moderate,646,78840.33,80.24,98.52,manual__2026-10-05T05:54:36.567625+00:00
2024,10,35-44,No access,537,88975.4,50.73,87.55,manual__2026-10-05T05:54:36.567625+00:00
2024,10,45-54,High,424,49818.34,83.48,98.38,manual__2026-10-05T05:54:36.567625+00:00
2024,10,45-54,Low,2450,310669.42,64.01,93.25,manual__2026-10-05T05:54:36.567625+00:00
2024,10,45-54,Moderate,616,70378.54,74.84,96.33,manual__2026-10-05T05:54:36.567625+00:00
2024,10,45-54,No access,546,74789.7,42.61,80.78,manual__2026-10-05T05:54:36.567625+00:00
2024,10,55-64,High,330,36709.44,84.27,97.43,manual__2026-10-05T05:54:36.567625+00:00
2024,10,55-64,Low,1925,226520.63,60.03,88.1,manual__2026-10-05T05:54:36.567625+00:00
2024,10,55-64,Moderate,487,49550.43,74.11,95.94,manual__2026-10-05T05:54:36.567625+00:00
2024,10,55-64,No access,584,72516.49,44.22,73.14,manual__2026-10-05T05:54:36.567625+00:00
2024,11,10-14,High,175,37430.88,73.89,93.06,manual__2026-10-05T05:54:36.567625+00:00
2024,11,10-14,Low,2403,381885.86,57.91,91.6,manual__2026-10-05T05:54:36.567625+00:00
2024,11,10-14,Moderate,345,62630.2,68.21,94.01,manual__2026-10-05T05:54:36.567625+00:00
2024,11,10-14,No access,662,80072.05,42.41,79.32,manual__2026-10-05T05:54:36.567625+00:00
2024,11,15-24,High,387,88724.17,83.99,98.37,manual__2026-10-05T05:54:36.567625+00:00
2024,11,15-24,Low,3855,639077.49,74.61,97.1,manual__2026-10-05T05:54:36.567625+00:00
2024,11,15-24,Moderate,775,147444.99,84.3,99.19,manual__2026-10-05T05:54:36.567625+00:00
2024,11,15-24,No access,719,107838.34,63.9,89.82,manual__2026-10-05T05:54:36.567625+00:00
2024,11,25-34,High,372,87250.2,86.57,98.96,manual__2026-10-05T05:54:36.567625+00:00
2024,11,25-34,Low,3076,594154.25,68.89,96.08,manual__2026-10-05T05:54:36.567625+00:00
2024,11,25-34,Moderate,571,123508.49,80.65,98.88,manual__2026-10-05T05:54:36.567625+00:00
2024,11,25-34,No access,657,100780.07,48.76,78.06,manual__2026-10-05T05:54:36.567625+00:00
2024,11,35-44,High,293,64219.36,84.64,98.66,manual__2026-10-05T05:54:36.567625+00:00
2024,11,35-44,Low,2858,502082.07,65.87,94.39,manual__2026-10-05T05:54:36.567625+00:00
2024,11,35-44,Moderate,474,92408.9,75.25,98.61,manual__2026-10-05T05:54:36.567625+00:00
2024,11,35-44,No access,596,76172.67,47.38,79.05,manual__2026-10-05T05:54:36.567625+00:00
2024,11,45-54,High,310,57230.27,79.69,97.92,manual__2026-10-05T05:54:36.567625+00:00
2024,11,45-54,Low,2234,339274.84,60.72,91.99,manual__2026-10-05T05:54:36.567625+00:00
2024,11,45-54,Moderate,469,83565.65,72.31,94.81,manual__2026-10-05T05:54:36.567625+00:00
2024,11,45-54,No access,657,79249.25,43.26,76.23,manual__2026-10-05T05:54:36.567625+00:00
2024,11,55-64,High,208,35798.03,65.88,93.88,manual__2026-10-05T05:54:36.567625+00:00
2024,11,55-64,Low,1607,241067.6,58.33,89.19,manual__2026-10-05T05:54:36.567625+00:00
2024,11,55-64,Moderate,365,59874.15,63.99,93.81,manual__2026-10-05T05:54:36.567625+00:00
2024,11,55-64,No access,643,73845.22,37.96,70.48,manual__2026-10-05T05:54:36.567625+00:00
2024,12,10-14,High,196,27321.68,81.49,96.49,manual__2026-10-05T05:54:36.567625+00:00
2024,12,10-14,Low,2092,316930.45,58.52,88.63,manual__2026-10-05T05:54:36.567625+00:00
2024,12,10-14,Moderate,347,50426.42,63.08,89.24,manual__2026-10-05T05:54:36.567625+00:00
2024,12,10-14,No access,490,70019.16,47.15,77.4,manual__2026-10-05T05:54:36.567625+00:00
2024,12,15-24,High,470,72185.36,88.16,98.48,manual__2026-10-05T05:54:36.567625+00:00
2024,12,15-24,Low,3250,559253.99,72.8,95.53,manual__2026-10-05T05:54:36.567625+00:00
2024,12,15-24,Moderate,712,114074.32,78.09,95.86,manual__2026-10-05T05:54:36.567625+00:00
2024,12,15-24,No access,605,98943.89,59.37,86.17,manual__2026-10-05T05:54:36.567625+00:00
2024,12,25-34,High,361,63601.6,87.53,99.21,manual__2026-10-05T05:54:36.567625+00:00
2024,12,25-34,Low,2508,503167.71,69.23,94.12,manual__2026-10-05T05:54:36.567625+00:00
2024,12,25-34,Moderate,498,96481.07,78.17,94.0,manual__2026-10-05T05:54:36.567625+00:00
2024,12,25-34,No access,544,107703.51,52.63,79.52,manual__2026-10-05T05:54:36.567625+00:00
2024,12,35-44,High,298,47423.22,86.9,98.98,manual__2026-10-05T05:54:36.567625+00:00
2024,12,35-44,Low,2333,385049.95,66.05,91.95,manual__2026-10-05T05:54:36.567625+00:00
2024,12,35-44,Moderate,454,73656.55,73.13,94.0,manual__2026-10-05T05:54:36.567625+00:00
2024,12,35-44,No access,508,81964.54,47.95,72.84,manual__2026-10-05T05:54:36.567625+00:00
2024,12,45-54,High,301,41190.65,83.99,97.2,manual__2026-10-05T05:54:36.567625+00:00
2024,12,45-54,Low,1798,278203.15,59.38,88.42,manual__2026-10-05T05:54:36.567625+00:00
2024,12,45-54,Moderate,428,60875.61,70.52,92.1,manual__2026-10-05T05:54:36.567625+00:00
2024,12,45-54,No access,467,69156.31,39.87,70.74,manual__2026-10-05T05:54:36.567625+00:00
2024,12,55-64,High,211,26762.33,81.29,96.63,manual__2026-10-05T05:54:36.567625+00:00
2024,12,55-64,Low,1261,177507.99,53.27,84.61,manual__2026-10-05T05:54:36.567625+00:00
2024,12,55-64,Moderate,295,41261.36,70.36,91.84,manual__2026-10-05T05:54:36.567625+00:00
2024,12,55-64,No access,491,73449.19,41.5,66.94,manual__2026-10-05T05:54:36.567625+00:00
2024,13,10-14,High,1297,305998.1,79.0,93.56,manual__2026-10-05T05:54:36.567625+00:00
2024,13,10-14,Low,3216,663491.59,70.5,89.99,manual__2026-10-05T05:54:36.567625+00:00
2024,13,10-14,Moderate,1329,301314.9,73.83,91.05,manual__2026-10-05T05:54:36.567625+00:00
2024,13,10-14,No access,173,34457.4,63.98,85.81,manual__2026-10-05T05:54:36.567625+00:00
2024,13,15-24,High,3331,648445.08,88.78,96.86,manual__2026-10-05T05:54:36.567625+00:00
2024,13,15-24,Low,6138,1046630.55,80.61,94.98,manual__2026-10-05T05:54:36.567625+00:00
2024,13,15-24,Moderate,2830,524424.2,82.74,96.54,manual__2026-10-05T05:54:36.567625+00:00
2024,13,15-24,No access,377,74853.18,80.25,92.76,manual__2026-10-05T05:54:36.567625+00:00
2024,13,25-34,High,3081,617552.04,86.92,96.23,manual__2026-10-05T05:54:36.567625+00:00
2024,13,25-34,Low,6013,1075937.92,78.52,95.67,manual__2026-10-05T05:54:36.567625+00:00
2024,13,25-34,Moderate,2886,548017.42,85.03,96.11,manual__2026-10-05T05:54:36.567625+00:00
2024,13,25-34,No access,353,66510.62,72.37,92.74,manual__2026-10-05T05:54:36.567625+00:00
2024,13,35-44,High,2707,621114.38,85.21,96.39,manual__2026-10-05T05:54:36.567625+00:00
2024,13,35-44,Low,5201,1013728.66,77.33,94.65,manual__2026-10-05T05:54:36.567625+00:00
2024,13,35-44,Moderate,2227,475864.85,81.73,97.13,manual__2026-10-05T05:54:36.567625+00:00
2024,13,35-44,No access,350,69134.1,80.04,92.71,manual__2026-10-05T05:54:36.567625+00:00
2024,13,45-54,High,2402,495794.98,84.55,94.22,manual__2026-10-05T05:54:36.567625+00:00
2024,13,45-54,Low,4274,776636.48,74.08,92.86,manual__2026-10-05T05:54:36.567625+00:00
2024,13,45-54,Moderate,2022,390507.32,81.76,95.66,manual__2026-10-05T05:54:36.567625+00:00
2024,13,45-54,No access,304,59717.2,82.28,93.28,manual__2026-10-05T05:54:36.567625+00:00
2024,13,55-64,High,1808,330179.2,80.99,93.59,manual__2026-10-05T05:54:36.567625+00:00
2024,13,55-64,Low,3423,556684.41,72.01,90.47,manual__2026-10-05T05:54:36.567625+00:00
2024,13,55-64,Moderate,1598,275952.54,79.9,93.92,manual__2026-10-05T05:54:36.567625+00:00
2024,13,55-64,No access,342,55206.84,66.54,83.95,manual__2026-10-05T05:54:36.567625+00:00
2024,14,10-14,High,329,22787.9,77.35,93.76,manual__2026-10-05T05:54:36.567625+00:00
2024,14,10-14,Low,2189,109381.14,71.11,93.39,manual__2026-10-05T05:54:36.567625+00:00
2024,14,10-14,Moderate,572,32006.07,76.33,94.81,manual__2026-10-05T05:54:36.567625+00:00
2024,14,10-14,No access,185,7839.89,62.75,88.95,manual__2026-10-05T05:54:36.567625+00:00
2024,14,15-24,High,737,57431.92,93.91,99.05,manual__2026-10-05T05:54:36.567625+00:00
2024,14,15-24,Low,3397,199963.39,84.81,97.4,manual__2026-10-05T05:54:36.567625+00:00
2024,14,15-24,Moderate,1153,76336.11,90.66,99.62,manual__2026-10-05T05:54:36.567625+00:00
2024,14,15-24,No access,197,11219.58,84.23,97.31,manual__2026-10-05T05:54:36.567625+00:00
2024,14,25-34,High,658,54014.39,93.08,99.41,manual__2026-10-05T05:54:36.567625+00:00
2024,14,25-34,Low,2720,196216.21,80.52,97.18,manual__2026-10-05T05:54:36.567625+00:00
2024,14,25-34,Moderate,816,60890.4,91.96,99.13,manual__2026-10-05T05:54:36.567625+00:00
2024,14,25-34,No access,193,12123.0,77.56,93.55,manual__2026-10-05T05:54:36.567625+00:00
2024,14,35-44,High,554,36092.47,91.83,98.54,manual__2026-10-05T05:54:36.567625+00:00
2024,14,35-44,Low,2781,159710.56,79.4,96.34,manual__2026-10-05T05:54:36.567625+00:00
2024,14,35-44,Moderate,796,47007.09,87.14,98.24,manual__2026-10-05T05:54:36.567625+00:00
2024,14,35-44,No access,253,12434.88,68.98,88.26,manual__2026-10-05T05:54:36.567625+00:00
2024,14,45-54,High,445,24883.4,90.84,98.28,manual__2026-10-05T05:54:36.567625+00:00
2024,14,45-54,Low,2218,101505.1,74.14,92.78,manual__2026-10-05T05:54:36.567625+00:00
2024,14,45-54,Moderate,681,33233.41,82.06,95.61,manual__2026-10-05T05:54:36.567625+00:00
2024,14,45-54,No access,283,13425.09,65.85,83.17,manual__2026-10-05T05:54:36.567625+00:00
2024,14,55-64,High,402,18589.81,85.93,97.17,manual__2026-10-05T05:54:36.567625+00:00
2024,14,55-64,Low,1678,70767.84,67.89,89.03,manual__2026-10-05T05:54:36.567625+00:00
2024,14,55-64,Moderate,532,23332.02,75.73,93.44,manual__2026-10-05T05:54:36.567625+00:00
2024,14,55-64,No access,407,15543.33,51.59,80.28,manual__2026-10-05T05:54:36.567625+00:00
2024,16,10-14,High,292,19547.61,71.12,90.73,manual__2026-10-05T05:54:36.567625+00:00
2024,16,10-14,Low,2836,205047.49,54.48,88.83,manual__2026-10-05T05:54:36.567625+00:00
2024,16,10-14,Moderate,494,32937.53,61.53,89.61,manual__2026-10-05T05:54:36.567625+00:00
2024,16,10-14,No access,399,31836.37,52.63,82.8,manual__2026-10-05T05:54:36.567625+00:00
2024,16,15-24,High,613,49041.26,82.06,97.4,manual__2026-10-05T05:54:36.567625+00:00
2024,16,15-24,Low,4037,365286.26,70.1,95.55,manual__2026-10-05T05:54:36.567625+00:00
2024,16,15-24,Moderate,848,72916.93,77.38,97.0,manual__2026-10-05T05:54:36.567625+00:00
2024,16,15-24,No access,397,41612.55,64.26,91.43,manual__2026-10-05T05:54:36.567625+00:00
2024,16,25-34,High,452,42716.0,81.31,96.57,manual__2026-10-05T05:54:36.567625+00:00
2024,16,25-34,Low,2923,325559.02,64.73,94.13,manual__2026-10-05T05:54:36.567625+00:00
2024,16,25-34,Moderate,636,65476.88,76.24,96.53,manual__2026-10-05T05:54:36.567625+00:00
2024,16,25-34,No access,383,49373.09,52.46,86.41,manual__2026-10-05T05:54:36.567625+00:00
2024,16,35-44,High,411,31103.76,80.56,97.64,manual__2026-10-05T05:54:36.567625+00:00
2024,16,35-44,Low,2667,223301.64,61.93,91.39,manual__2026-10-05T05:54:36.567625+00:00
2024,16,35-44,Moderate,530,41690.2,70.63,94.16,manual__2026-10-05T05:54:36.567625+00:00
2024,16,35-44,No access,342,32207.4,51.85,83.02,manual__2026-10-05T05:54:36.567625+00:00
2024,16,45-54,High,397,25613.38,75.3,95.47,manual__2026-10-05T05:54:36.567625+00:00
2024,16,45-54,Low,2185,155569.37,54.7,89.11,manual__2026-10-05T05:54:36.567625+00:00
2024,16,45-54,Moderate,512,35562.89,64.52,94.02,manual__2026-10-05T05:54:36.567625+00:00
2024,16,45-54,No access,365,28158.36,41.0,75.21,manual__2026-10-05T05:54:36.567625+00:00
2024,16,55-64,High,307,19121.64,69.5,91.74,manual__2026-10-05T05:54:36.567625+00:00
2024,16,55-64,Low,1773,117257.59,47.88,82.7,manual__2026-10-05T05:54:36.567625+00:00
2024,16,55-64,Moderate,402,25063.65,55.2,87.67,manual__2026-10-05T05:54:36.567625+00:00
2024,16,55-64,No access,488,34323.13,36.04,66.67,manual__2026-10-05T05:54:36.567625+00:00
2024,17,10-14,High,256,20793.17,76.11,94.89,manual__2026-10-05T05:54:36.567625+00:00
2024,17,10-14,Low,2641,253120.81,66.27,88.35,manual__2026-10-05T05:54:36.567625+00:00
2024,17,10-14,Moderate,374,36309.59,73.17,90.34,manual__2026-10-05T05:54:36.567625+00:00
2024,17,10-14,No access,417,49068.43,48.2,73.76,manual__2026-10-05T05:54:36.567625+00:00
2024,17,15-24,High,598,49922.15,87.57,98.19,manual__2026-10-05T05:54:36.567625+00:00
2024,17,15-24,Low,4131,402127.13,79.23,95.39,manual__2026-10-05T05:54:36.567625+00:00
2024,17,15-24,Moderate,880,79712.67,89.44,97.93,manual__2026-10-05T05:54:36.567625+00:00
2024,17,15-24,No access,413,50494.04,61.58,86.48,manual__2026-10-05T05:54:36.567625+00:00
2024,17,25-34,High,410,42348.34,91.78,98.42,manual__2026-10-05T05:54:36.567625+00:00
2024,17,25-34,Low,2755,349314.31,72.95,94.47,manual__2026-10-05T05:54:36.567625+00:00
2024,17,25-34,Moderate,536,66737.68,84.61,98.08,manual__2026-10-05T05:54:36.567625+00:00
2024,17,25-34,No access,437,65523.68,49.38,75.49,manual__2026-10-05T05:54:36.567625+00:00
2024,17,35-44,High,389,29821.65,86.95,97.62,manual__2026-10-05T05:54:36.567625+00:00
2024,17,35-44,Low,2833,255254.41,69.41,91.59,manual__2026-10-05T05:54:36.567625+00:00
2024,17,35-44,Moderate,537,49401.0,80.77,96.82,manual__2026-10-05T05:54:36.567625+00:00
2024,17,35-44,No access,385,40409.95,45.4,69.02,manual__2026-10-05T05:54:36.567625+00:00
2024,17,45-54,High,351,27339.7,84.27,95.13,manual__2026-10-05T05:54:36.567625+00:00
2024,17,45-54,Low,2324,196093.35,67.49,89.63,manual__2026-10-05T05:54:36.567625+00:00
2024,17,45-54,Moderate,494,37534.27,69.54,91.77,manual__2026-10-05T05:54:36.567625+00:00
2024,17,45-54,No access,374,36987.68,39.62,64.76,manual__2026-10-05T05:54:36.567625+00:00
2024,17,55-64,High,314,18750.97,73.77,93.62,manual__2026-10-05T05:54:36.567625+00:00
2024,17,55-64,Low,1924,143861.51,57.39,83.23,manual__2026-10-05T05:54:36.567625+00:00
2024,17,55-64,Moderate,394,29580.34,69.11,94.22,manual__2026-10-05T05:54:36.567625+00:00
2024,17,55-64,No access,380,32048.18,45.78,67.8,manual__2026-10-05T05:54:36.567625+00:00
2024,19,10-14,High,70,7353.72,75.95,93.78,manual__2026-10-05T05:54:36.567625+00:00
2024,19,10-14,Low,3483,393293.45,61.56,87.19,manual__2026-10-05T05:54:36.567625+00:00
2024,19,10-14,Moderate,191,21808.89,71.27,88.19,manual__2026-10-05T05:54:36.567625+00:00
2024,19,10-14,No access,1429,157309.24,55.13,78.53,manual__2026-10-05T05:54:36.567625+00:00
2024,19,15-24,High,144,18814.21,88.56,98.68,manual__2026-10-05T05:54:36.567625+00:00
2024,19,15-24,Low,5241,688991.24,72.24,91.65,manual__2026-10-05T05:54:36.567625+00:00
2024,19,15-24,Moderate,352,43442.98,82.68,96.52,manual__2026-10-05T05:54:36.567625+00:00
2024,19,15-24,No access,1780,225993.01,66.57,81.88,manual__2026-10-05T05:54:36.567625+00:00
2024,19,25-34,High,138,18234.66,84.06,92.38,manual__2026-10-05T05:54:36.567625+00:00
2024,19,25-34,Low,4659,583834.42,69.12,89.37,manual__2026-10-05T05:54:36.567625+00:00
2024,19,25-34,Moderate,332,36521.03,81.14,93.58,manual__2026-10-05T05:54:36.567625+00:00
2024,19,25-34,No access,1837,225183.99,61.36,79.92,manual__2026-10-05T05:54:36.567625+00:00
2024,19,35-44,High,107,9096.35,90.09,98.68,manual__2026-10-05T05:54:36.567625+00:00
2024,19,35-44,Low,4231,360333.14,65.48,85.99,manual__2026-10-05T05:54:36.567625+00:00
2024,19,35-44,Moderate,270,21086.32,78.84,91.5,manual__2026-10-05T05:54:36.567625+00:00
2024,19,35-44,No access,1642,135564.93,55.23,73.53,manual__2026-10-05T05:54:36.567625+00:00
2024,19,45-54,High,91,8542.63,88.9,94.98,manual__2026-10-05T05:54:36.567625+00:00
2024,19,45-54,Low,2809,287931.49,59.79,79.7,manual__2026-10-05T05:54:36.567625+00:00
2024,19,45-54,Moderate,181,18128.11,74.99,89.36,manual__2026-10-05T05:54:36.567625+00:00
2024,19,45-54,No access,1220,113254.05,51.41,67.74,manual__2026-10-05T05:54:36.567625+00:00
2024,19,55-64,High,62,7269.64,68.63,82.87,manual__2026-10-05T05:54:36.567625+00:00
2024,19,55-64,Low,1373,171768.8,52.13,71.72,manual__2026-10-05T05:54:36.567625+00:00
2024,19,55-64,Moderate,124,14077.55,63.48,81.74,manual__2026-10-05T05:54:36.567625+00:00
2024,19,55-64,No access,739,89892.13,43.33,55.41,manual__2026-10-05T05:54:36.567625+00:00
